"database","workload","nodes","threads","duration","throughput","readOperationCount","readAvgLatency","readMinLatency","readMaxLatency","readPer95Latency","readPer99Latency","insertOperationCount","insertAvgLatency","insertMinLatency","insertMaxLatency","insertPer95Latency","insertPer99Latency","updateOperationCount","updateAvgLatency","updateMinLatency","updateMaxLatency","updatePer95Latency","updatePer99Latency","rmwOperationCount","rmwAvgLatency","rmwMinLatency","rmwMaxLatency","rmwPer95Latency","rmwPer99Latency"
"Citus","A",1,3,60,28.520084,836,64916.36124,303,223487,149887,172799,0,0,0,0,0,0,878,141686.5786,16816,351999,252415,291327,0,0,0,0,0,0
"Citus","B",1,3,60,91.61842,5229,29120.10614,259,500223,98367,148095,0,0,0,0,0,0,278,98521.66907,20208,947199,196095,260607,0,0,0,0,0,0
"Citus","C",1,3,60,142.502499,8553,20974.98387,233,660991,77759,118207,0,0,0,0,0,0,0,0,0,0,0,0,0,0,0,0,0,0
"Citus","F",1,3,60,33.412054,2009,43090.94724,276,202751,126847,155135,0,0,0,0,0,0,1006,92423.92048,12224,222463,158847,193535,1006,137028.0994,12672,317695,241279,292607
"Citus","D",1,3,60,169.414194,9595,13669.75154,208,190975,75455,107839,579,83554.17617,12832,351231,157695,205439,0,0,0,0,0,0,0,0,0,0,0,0
"Citus","A",1,12,60,60.027534,1821,113515.1658,281,400127,243967,307711,0,0,0,0,0,0,1798,283807.7686,79872,632319,428031,505343,0,0,0,0,0,0
"Citus","B",1,12,60,116.49548,6649,93500.45405,236,549887,266239,330239,0,0,0,0,0,0,349,275599.2206,65920,1744895,535551,1337343,0,0,0,0,0,0
"Citus","C",1,12,60,195.570789,11754,61155.98222,216,734719,225151,319231,0,0,0,0,0,0,0,0,0,0,0,0,0,0,0,0,0,0
"Citus","F",1,12,60,82.992858,4997,63922.0048,253,335615,197503,235903,0,0,0,0,0,0,2503,159645.8266,37280,465663,220415,294399,2503,223392.2301,38784,465919,356607,403455
"Citus","D",1,12,60,280.261977,16038,33990.72285,198,439807,163327,255999,822,211472.9343,58336,462079,341503,379391,0,0,0,0,0,0,0,0,0,0,0,0
"Citus","A",1,21,60,81.556459,2443,143108.1998,254,525311,316159,411391,0,0,0,0,0,0,2472,364697.9676,97088,1099775,541183,685567,0,0,0,0,0,0
"Citus","B",1,21,60,128.857858,7356,148381.9244,213,740351,373503,442879,0,0,0,0,0,0,414,402970.2029,112704,833023,656895,744447,0,0,0,0,0,0
"Citus","C",1,21,60,210.599791,12672,99158.04072,201,886271,347391,476415,0,0,0,0,0,0,0,0,0,0,0,0,0,0,0,0,0,0
"Citus","F",1,21,60,116.62263,7018,74755.61813,231,441087,240511,300031,0,0,0,0,0,0,3492,209730.8866,70656,686079,299007,423935,3492,286929.9885,79808,795647,453119,525823
"Citus","D",1,21,60,415.043587,23775,37753.96681,174,494847,202111,323071,1221,295739.6233,116544,1897471,428031,1418239,0,0,0,0,0,0,0,0,0,0,0,0
"Citus","A",1,30,60,110.471769,3372,150752.3366,257,748031,331775,411135,0,0,0,0,0,0,3290,389253.048,118016,1386495,590335,702975,0,0,0,0,0,0
"Citus","B",1,30,60,169.030006,9613,161871.8273,212,598527,390655,448511,0,0,0,0,0,0,555,433674.6667,113472,885759,656383,790015,0,0,0,0,0,0
"Citus","C",1,30,60,263.430507,15868,113165.3484,183,1041407,380671,517887,0,0,0,0,0,0,0,0,0,0,0,0,0,0,0,0,0,0
"Citus","F",1,30,60,161.821866,9742,63610.32108,240,435199,227839,292095,0,0,0,0,0,0,4951,237554.5045,65984,3340287,352255,793087,4951,300333.2369,99072,3340287,479999,793599
"Citus","D",1,30,60,749.680355,42973,27347.55535,142,501247,182527,289535,2175,286100.9214,106944,663039,425727,482303,0,0,0,0,0,0,0,0,0,0,0,0
"Citus","A",1,39,60,125.276002,3739,164886.8898,238,855039,384255,488959,0,0,0,0,0,0,3807,447798.0142,133120,2553855,684031,949247,0,0,0,0,0,0
"Citus","B",1,39,60,207.307203,11945,168050.4757,185,762367,466175,558079,0,0,0,0,0,0,606,549486.0462,193536,1089535,863743,964095,0,0,0,0,0,0
"Citus","C",1,39,60,280.456075,16923,138181.8753,162,1044479,453119,595967,0,0,0,0,0,0,0,0,0,0,0,0,0,0,0,0,0,0
"Citus","F",1,39,60,185.536514,11227,66566.64407,218,416511,244607,316927,0,0,0,0,0,0,5648,281798.9688,82688,7921663,437759,1575935,5648,348714.7989,107968,7921663,545791,1576959
"Citus","D",1,39,60,840.734663,48204,30557.12592,135,650751,210815,322559,2515,343751.6851,131456,798207,512511,632319,0,0,0,0,0,0,0,0,0,0,0,0
"Citus","A",1,48,60,148.721997,4588,153029.5333,255,718847,388607,493567,0,0,0,0,0,0,4454,485278.3835,130048,7909375,828927,2641919,0,0,0,0,0,0
"Citus","B",1,48,60,233.776983,13412,181826.252,164,920063,518655,631295,0,0,0,0,0,0,710,620130.4338,237440,1354751,961535,1031167,0,0,0,0,0,0
"Citus","C",1,48,60,306.462579,18480,155439.7319,180,1032703,513535,668671,0,0,0,0,0,0,0,0,0,0,0,0,0,0,0,0,0,0
"Citus","F",1,48,60,220.291536,13299,58019.96571,195,433407,218495,309503,0,0,0,0,0,0,6550,321213.9334,80320,11902975,479487,2936831,6550,379026.1056,104768,11902975,586239,2936831
"Citus","D",1,48,60,1074.647911,61537,27122.9647,134,845823,205951,306175,3246,371850.3315,171136,1198079,542207,749055,0,0,0,0,0,0,0,0,0,0,0,0
"Citus","A",1,57,60,159.477922,4896,170081.1109,248,774143,401919,491775,0,0,0,0,0,0,4769,538002.949,132608,10313727,837631,3172351,0,0,0,0,0,0
"Citus","B",1,57,60,262.534139,15072,194632.0417,170,1132543,560127,714239,0,0,0,0,0,0,789,615043.8124,252288,1319935,977919,1137663,0,0,0,0,0,0
"Citus","C",1,57,60,350.369438,21149,161745.4214,160,1268735,544767,728575,0,0,0,0,0,0,0,0,0,0,0,0,0,0,0,0,0,0
"Citus","F",1,57,60,228.840177,13989,56267.52098,226,501247,213247,289791,0,0,0,0,0,0,7048,375151.4801,60480,36143103,442367,5242879,7048,432090.1022,86592,36143103,532991,5242879
"Citus","D",1,57,60,1328.853716,76123,25691.01885,128,816127,198911,310271,3971,367351.2808,152448,1169407,551423,734719,0,0,0,0,0,0,0,0,0,0,0,0
"Citus","A",1,66,60,155.953514,4729,170172.7585,235,923135,406783,523263,0,0,0,0,0,0,4772,655588.9623,139008,26705919,1015295,6500351,0,0,0,0,0,0
"Citus","B",1,66,60,258.484518,14841,228822.4983,154,1348607,648191,841727,0,0,0,0,0,0,803,666324.9614,242816,1655807,1075199,1305599,0,0,0,0,0,0
"Citus","C",1,66,60,340.042373,20544,192509.7149,145,1489919,643583,865279,0,0,0,0,0,0,0,0,0,0,0,0,0,0,0,0,0,0
"Citus","F",1,66,60,223.522736,13788,57376.20895,225,440063,221951,310783,0,0,0,0,0,0,6898,462990.9191,76608,33849343,535039,7389183,6898,520220.9707,102848,33849343,630783,7389183
"Citus","D",1,66,60,1432.27422,82052,27139.66609,131,1078271,209663,347903,4317,396964.6477,152064,1170431,584191,738303,0,0,0,0,0,0,0,0,0,0,0,0
"Citus","A",3,3,60,107.24995,3257,14560.49002,916,962047,54879,91391,0,0,0,0,0,0,3181,41454.37378,2684,1549311,106367,200575,0,0,0,0,0,0
"Citus","B",3,3,60,221.318065,12770,11726.17964,826,496895,50751,79935,0,0,0,0,0,0,720,42597.62917,3930,1130495,103615,178687,0,0,0,0,0,0
"Citus","C",3,3,60,277.604782,16671,10771.4824,822,538623,49247,81535,0,0,0,0,0,0,0,0,0,0,0,0,0,0,0,0,0,0
"Citus","F",3,3,60,149.19852,8954,8071.415457,841,304895,37311,61855,0,0,0,0,0,0,4460,24001.41345,2582,1470463,55647,136191,4460,31944.24843,3790,1604607,77631,178687
"Citus","D",3,3,60,544.457371,31163,4317.803998,751,200831,21727,46079,1597,28216.33563,2680,1216511,67391,184191,0,0,0,0,0,0,0,0,0,0,0,0
"Citus","A",3,12,60,251.872441,3581,33853.81765,852,1540095,125951,218623,0,0,0,0,0,0,3717,156488.5295,15304,1717247,312319,456447,0,0,0,0,0,0
"Citus","B",3,12,60,446.561477,12311,35082.38096,745,563199,164735,254591,0,0,0,0,0,0,651,420633.9539,75136,1864703,777727,1646591,0,0,0,0,0,0
"Citus","C",3,12,60,601.434954,17483,40119.54933,670,1222655,197503,374271,0,0,0,0,0,0,0,0,0,0,0,0,0,0,0,0,0,0
"Citus","F",3,12,60,483.207528,14036,10297.54681,697,325119,49151,83071,0,0,0,0,0,0,7055,78454.04167,8504,1592319,155263,479231,14533,44109.68444,1062,1812479,129343,267775
"Citus","D",3,12,60,1434.278115,40450,6395.920766,536,664575,40895,78911,2225,191127.6908,4268,1985535,503807,906751,0,0,0,0,0,0,0,0,0,0,0,0
"Citus","A",3,21,60,279.624326,4014,46474.08122,773,1593343,188031,277759,0,0,0,0,0,0,4023,261085.1534,16112,1982463,469759,679423,0,0,0,0,0,0
"Citus","B",3,21,60,474.622657,13059,59761.847,664,1120255,306943,478207,0,0,0,0,0,0,686,677303.7901,163584,2783231,1502207,2144255,0,0,0,0,0,0
"Citus","C",3,21,60,660.072896,19162,64757.23969,716,4345855,333311,627711,0,0,0,0,0,0,0,0,0,0,0,0,0,0,0,0,0,0
"Citus","F",3,21,60,552.386022,16062,14168.22463,656,345343,70399,113791,0,0,0,0,0,0,8107,123812.6868,10576,1343487,286463,560127,16708,67949.75461,997,1351679,201983,507647
"Citus","D",3,21,60,1425.363123,40494,10194.26663,574,771071,67455,136831,2261,354778.6024,8232,1521663,831999,1077247,0,0,0,0,0,0,0,0,0,0,0,0
"Citus","A",3,30,60,316.375172,4549,48742.45636,696,1540095,208511,358911,0,0,0,0,0,0,4689,329023.913,25344,3659775,626175,1095679,0,0,0,0,0,0
"Citus","B",3,30,60,512.046892,14258,80115.27809,683,1457151,439295,674815,0,0,0,0,0,0,691,923395.0101,99328,3979263,2521087,3284991,0,0,0,0,0,0
"Citus","C",3,30,60,644.771031,18934,94079.10178,683,2715647,536063,953343,0,0,0,0,0,0,0,0,0,0,0,0,0,0,0,0,0,0
"Citus","F",3,30,60,555.581268,16235,19121.18165,655,461055,96319,144383,0,0,0,0,0,0,8210,178261.8938,12888,1892351,485887,742911,16955,96697.2115,1066,1893375,323071,657407
"Citus","D",3,30,60,1383.307881,39115,15288.84944,568,765951,105599,224127,2126,542560.2709,9816,1727487,1213439,1512447,0,0,0,0,0,0,0,0,0,0,0,0
"Citus","A",3,39,60,302.231608,4383,68586.77983,731,2471935,285183,444927,0,0,0,0,0,0,4373,456638.5511,25664,6750207,774655,1965055,0,0,0,0,0,0
"Citus","B",3,39,60,463.375457,12993,128175.8652,617,1945599,696831,1044991,0,0,0,0,0,0,669,987461.0703,131840,5599231,2850815,3846143,0,0,0,0,0,0
"Citus","C",3,39,60,645.718449,18907,122692.4708,637,3815423,741375,1258495,0,0,0,0,0,0,0,0,0,0,0,0,0,0,0,0,0,0
"Citus","F",3,39,60,545.732855,16191,22614.07504,650,736767,114559,178303,0,0,0,0,0,0,8078,241033.3068,15944,4878335,595455,1378303,16736,128715.4753,1056,4878335,434943,1118207
"Citus","D",3,39,60,1393.849861,39860,21339.12479,560,933375,156159,326655,2192,662256.9507,11984,2085887,1498111,1839103,0,0,0,0,0,0,0,0,0,0,0,0
"Citus","A",3,48,60,308.129421,4508,67656.12755,762,1853439,293375,466687,0,0,0,0,0,0,4486,564199.9037,35936,15114239,940543,4048895,0,0,0,0,0,0
"Citus","B",3,48,60,468.467579,13185,155107.6461,724,2584575,863231,1279999,0,0,0,0,0,0,689,1201381.434,200448,6766591,4071423,6098943,0,0,0,0,0,0
"Citus","C",3,48,60,623.796626,18509,154858.0462,641,4939775,912383,1417215,0,0,0,0,0,0,0,0,0,0,0,0,0,0,0,0,0,0
"Citus","F",3,48,60,546.201568,16126,24539.59097,662,910335,125631,202751,0,0,0,0,0,0,7951,308369.6099,16480,10960895,653311,3293183,16558,161405.3211,1017,10960895,443903,1994751
"Citus","D",3,48,60,1452.542959,42083,22598.47383,535,1220607,165119,355839,2319,816115.1393,142848,3246079,1862655,2928639,0,0,0,0,0,0,0,0,0,0,0,0
"Citus","A",3,57,60,332.292235,4871,78552.64566,749,1875967,346367,589311,0,0,0,0,0,0,4899,609400.0294,24336,17498111,1000959,5218303,0,0,0,0,0,0
"Citus","B",3,57,60,464.204398,13206,179151.1152,696,2654207,1004031,1502207,0,0,0,0,0,0,719,1475055.844,99584,7835647,5177343,6148095,0,0,0,0,0,0
"Citus","C",3,57,60,629.830123,18688,182467.8655,648,6541311,1088511,1597439,0,0,0,0,0,0,0,0,0,0,0,0,0,0,0,0,0,0
"Citus","F",3,57,60,552.273438,16243,27440.84781,666,873471,141311,220159,0,0,0,0,0,0,8123,363170.5188,16112,22396927,749055,4460543,16899,189049.9682,1085,22396927,515583,1919999
"Citus","D",3,57,60,1298.312403,37434,39383.23276,554,1740799,293119,609791,2071,922251.9903,99712,3661823,2553855,3385343,0,0,0,0,0,0,0,0,0,0,0,0
"Citus","A",3,66,60,324.453122,4722,90092.62219,776,2383871,392191,649215,0,0,0,0,0,0,4756,728729.7796,37216,36569087,1105919,5500927,0,0,0,0,0,0
"Citus","B",3,66,60,476.590347,13501,219440.0054,699,3647487,1229823,1889279,0,0,0,0,0,0,695,1499584.737,198656,8667135,5865471,6885375,0,0,0,0,0,0
"Citus","C",3,66,60,622.579067,18384,215251.6284,648,5853183,1313791,2015231,0,0,0,0,0,0,0,0,0,0,0,0,0,0,0,0,0,0
"Citus","F",3,66,60,532.767087,16041,30127.42416,641,705535,155903,251263,0,0,0,0,0,0,7978,437754.9531,16736,23937023,744959,6406143,16597,226861.8488,1063,23937023,567295,2652159
"Citus","D",3,66,60,1235.730622,35295,50667.25859,576,2406399,386047,784383,1987,1071643.458,92864,5029887,2910207,3276799,0,0,0,0,0,0,0,0,0,0,0,0
"CockroachDB","A",1,3,60,30.117373,880,34940.81136,669,508415,76991,229375,0,0,0,0,0,0,929,160231.4575,50592,694271,250495,332031,0,0,0,0,0,0
"CockroachDB","B",1,3,60,101.732719,5807,21815.40468,595,565759,77183,107263,0,0,0,0,0,0,305,173674.2295,55520,840703,281599,349951,0,0,0,0,0,0
"CockroachDB","C",1,3,60,259.89303,15598,11507.54642,341,648703,42975,82047,0,0,0,0,0,0,0,0,0,0,0,0,0,0,0,0,0,0
"CockroachDB","F",1,3,60,33.826955,2033,26591.7575,666,312319,78911,114751,0,0,0,0,0,0,1037,121139.7879,23264,282111,201599,248319,1037,147288.324,32432,364799,241151,301311
"CockroachDB","D",1,3,60,108.040201,6153,19245.20267,514,490495,77183,129727,340,179674.7294,67712,482047,295935,381695,0,0,0,0,0,0,0,0,0,0,0,0
"CockroachDB","A",1,12,60,56.106424,1839,48492.95269,642,1423359,119423,480255,0,0,0,0,0,0,1805,369021.5889,49024,21004287,450559,970751,0,0,0,0,0,0
"CockroachDB","B",1,12,60,154.619642,8835,60691.81573,520,892415,152063,236671,0,0,0,0,0,0,468,391555.0085,184704,1048063,553471,719359,0,0,0,0,0,0
"CockroachDB","C",1,12,60,378.959803,22777,31552.85064,472,1605631,136575,245887,0,0,0,0,0,0,0,0,0,0,0,0,0,0,0,0,0,0
"CockroachDB","F",1,12,60,45.76947,3237,42091.32283,640,2981887,115711,407807,0,0,0,0,0,0,1620,421587.2889,46016,37781503,332287,1847295,1620,466380.721,46816,38469631,390143,2095103
"CockroachDB","D",1,12,60,193.054239,11013,44079.00781,519,978431,141439,226943,594,393270.8418,121856,1059839,525311,782335,0,0,0,0,0,0,0,0,0,0,0,0
"CockroachDB","A",1,21,60,8.252309,725,272078.9669,711,21315583,509439,9805823,0,0,0,0,0,0,734,4056178.365,25072,168689663,902143,159907839,0,0,0,0,0,0
"CockroachDB","B",1,21,60,56.831863,3257,285100.4087,392,9084927,710143,1053695,0,0,0,0,0,0,189,1769409.693,302848,8749055,2596863,4923391,0,0,0,0,0,0
"CockroachDB","C",1,21,60,64.184005,3890,324941.4368,542,3557375,955903,1528831,0,0,0,0,0,0,0,0,0,0,0,0,0,0,0,0,0,0
"CockroachDB","F",1,21,60,12.498983,1536,172065.7409,702,24199167,212735,3737599,0,0,0,0,0,0,769,2446015.563,46016,118030335,600575,91422719,769,2597519.646,46880,118358015,686591,98697215
"CockroachDB","D",1,21,60,67.612083,3907,230723.6957,538,3448831,711167,1096703,198,1827238.788,741376,4235263,2936831,3997695,0,0,0,0,0,0,0,0,0,0,0,0
"CockroachDB","A",1,30,60,4.851957,737,528985.4464,642,39026687,1570815,17285119,0,0,0,0,0,0,708,9101941.718,48288,287309823,2547711,264110079,0,0,0,0,0,0
"CockroachDB","B",1,30,60,57.849473,3341,404444.7085,585,4952063,1057791,1608703,0,0,0,0,0,0,177,2571368.136,645632,6094847,3688447,5558271,0,0,0,0,0,0
"CockroachDB","C",1,30,60,65.223097,3976,455463.3297,488,7294975,1262591,1918975,0,0,0,0,0,0,0,0,0,0,0,0,0,0,0,0,0,0
"CockroachDB","F",1,30,60,5.72042,2531,166217.4137,611,29048831,260735,3631103,0,0,0,0,0,0,1241,8047752.226,37184,430440447,717311,378535935,1241,8245285.376,47616,430702591,913407,379322367
"CockroachDB","D",1,30,60,66.069264,3854,353014.644,540,4947967,1108991,1913855,179,2511670.346,794112,5423103,3979263,4612095,0,0,0,0,0,0,0,0,0,0,0,0
"CockroachDB","A",1,39,60,7.849784,996,595613.0934,674,21069823,2588671,11706367,0,0,0,0,0,0,889,6100530.034,49696,221642751,12328959,180355071,0,0,0,0,0,0
"CockroachDB","B",1,39,60,57.797806,3354,535324.2871,571,5066751,1524735,2381823,0,0,0,0,0,0,186,3051423.656,887808,6135807,4780031,5627903,0,0,0,0,0,0
"CockroachDB","C",1,39,60,318.180309,19164,121984.7231,326,5468159,491775,942079,0,0,0,0,0,0,0,0,0,0,0,0,0,0,0,0,0,0
"CockroachDB","F",1,39,60,2.553382,2438,245856.2642,550,28000255,244991,6164479,0,0,0,0,0,0,1174,19922299.56,47520,948961279,797183,871366655,1176,20667479.67,48480,950009855,891391,877133823
"CockroachDB","D",1,39,60,74.268739,4317,392659.8135,540,7569407,1333247,2209791,233,2859676.017,793088,7356415,4984831,5791743,0,0,0,0,0,0,0,0,0,0,0,0
"CockroachDB","A",1,48,60,2.089767,1469,377810.7726,585,38371327,559103,7356415,0,0,0,0,0,0,1461,31578581.38,37728,1393557503,1159167,1344274431,0,0,0,0,0,0
"CockroachDB","B",1,48,60,64.761843,3812,602186.511,515,16433151,1738751,4501503,0,0,0,0,0,0,184,3334413.913,561664,23805951,5971967,6434815,0,0,0,0,0,0
"CockroachDB","C",1,48,60,399.711471,24105,119393.3477,317,2449407,451839,747007,0,0,0,0,0,0,0,0,0,0,0,0,0,0,0,0,0,0
"CockroachDB","F",1,48,60,1.142273,2431,220094.32,586,20430847,257407,5660671,0,0,0,0,0,0,1157,75045870.09,37984,2124414975,914431,2095054847,1157,75303338.03,45056,2124414975,1069055,2098200575
"CockroachDB","D",1,48,60,77.626692,4505,463806.6368,529,8781823,1735679,3012607,239,3411183.933,588288,8462335,6053887,8364031,0,0,0,0,0,0,0,0,0,0,0,0
"CockroachDB","A",1,57,60,2.342772,1049,299545.7245,624,20135935,943103,7213055,0,0,0,0,0,0,1077,26449782.09,36512,906493951,79364095,851967999,0,0,0,0,0,0
"CockroachDB","B",1,57,60,179.500559,11441,220763.4168,396,16031743,550911,2725887,0,0,0,0,0,0,599,1602433.923,184960,33193983,2390015,20791295,0,0,0,0,0,0
"CockroachDB","C",1,57,60,449.36971,27128,126082.8463,313,4079615,506879,1089535,0,0,0,0,0,0,0,0,0,0,0,0,0,0,0,0,0,0
"CockroachDB","F",1,57,60,3.488083,2830,319890.5802,466,67567615,393727,6340607,0,0,0,0,0,0,1397,15123169.39,33056,802684927,889855,723517439,1397,15393811.28,33856,802684927,1199103,727187455
"CockroachDB","D",1,57,60,232.293116,13356,154443.0416,339,4358143,661503,1086463,668,2033694.275,430336,6234111,3629055,4464639,0,0,0,0,0,0,0,0,0,0,0,0
"CockroachDB","A",1,66,60,1.53471,1408,355787.4638,655,49151999,1051647,6746111,0,0,0,0,0,0,1413,52717890.42,47424,1833959423,1904639,1796210687,0,0,0,0,0,0
"CockroachDB","B",1,66,60,76.466378,4478,676905.1577,510,10919935,2181119,4050943,0,0,0,0,0,0,223,4316543.426,965120,10117119,7397375,8716287,0,0,0,0,0,0
"CockroachDB","C",1,66,60,428.313213,25829,153136.9561,313,3481599,592895,933887,0,0,0,0,0,0,0,0,0,0,0,0,0,0,0,0,0,0
"CockroachDB","F",1,66,60,1.58095,2813,479954.711,537,78512127,378367,16719871,0,0,0,0,0,0,1367,49379333.36,47328,1772093439,2615295,1688207359,1368,50788696.13,48384,1777336319,3082239,1717567487
"CockroachDB","D",1,66,60,87.178902,5072,550640.196,415,13787135,2105343,4227071,280,4299840,728576,9863167,7962623,9527295,0,0,0,0,0,0,0,0,0,0,0,0
"CockroachDB","A",3,3,60,6.774752,180,128145.5167,746,3389439,386303,518399,0,0,0,0,0,0,227,161582.0264,40768,1509375,475647,815615,0,0,0,0,0,0
"CockroachDB","B",3,3,60,33.125604,1906,28171.6957,602,540671,253823,350207,0,0,0,0,0,0,82,74798.2439,35776,888319,100991,441855,0,0,0,0,0,0
"CockroachDB","C",3,3,60,46.245375,2775,21557.37045,659,859135,66175,335615,0,0,0,0,0,0,0,0,0,0,0,0,0,0,0,0,0,0
"CockroachDB","F",3,3,60,1.253495,78,758261.2051,1067,6868991,4468735,4931583,0,0,0,0,0,0,36,75212.88889,37312,273151,251007,273151,36,1016900.444,43328,6967295,4263935,6967295
"CockroachDB","D",3,3,60,3.03478,176,250655.7898,857,5599231,427519,3651583,13,1384793.846,50336,5603327,5066751,5603327,0,0,0,0,0,0,0,0,0,0,0,0
"CockroachDB","A",3,12,60,19.616644,588,142948.7857,695,4685823,571391,3606527,0,0,0,0,0,0,592,262046.7838,39520,9920511,708607,1740799,0,0,0,0,0,0
"CockroachDB","B",3,12,60,55.022892,3181,66472.27759,536,5169151,237183,654335,0,0,0,0,0,0,136,209616.8235,42624,911359,629247,858623,0,0,0,0,0,0
"CockroachDB","C",3,12,60,84.019934,5058,47438.59767,581,2494463,217215,591359,0,0,0,0,0,0,0,0,0,0,0,0,0,0,0,0,0,0
"CockroachDB","F",3,12,60,17.404037,1046,171320.0392,678,6955007,590847,4198399,0,0,0,0,0,0,540,111737.6296,38336,379903,231295,287999,540,300370.0148,41568,7061503,733695,4468735
"CockroachDB","D",3,12,60,21.522711,1223,164664.0589,642,7380991,542719,4345855,72,531954.6667,41664,5144575,4163583,5046271,0,0,0,0,0,0,0,0,0,0,0,0
"CockroachDB","A",3,21,60,33.354384,1003,108371.1107,609,4894719,521471,2539519,0,0,0,0,0,0,1004,308697.3546,44448,5738495,817151,4095999,0,0,0,0,0,0
"CockroachDB","B",3,21,60,71.743819,4108,83073.92016,533,6381567,297727,770559,0,0,0,0,0,0,216,362810.3704,40800,5955583,1134591,1553407,0,0,0,0,0,0
"CockroachDB","C",3,21,60,99.621627,6003,70027.2019,496,6778879,335871,738815,0,0,0,0,0,0,0,0,0,0,0,0,0,0,0,0,0,0
"CockroachDB","F",3,21,60,35.232247,2117,114823.4398,612,7061503,444415,3330047,0,0,0,0,0,0,1069,164624.9579,36896,859135,395007,543743,1069,265650.739,44544,5849087,609279,1711103
"CockroachDB","D",3,21,60,66.601371,3803,92076.4507,486,6295551,303615,965119,209,333190.2775,37504,3153919,1040895,1593343,0,0,0,0,0,0,0,0,0,0,0,0
"CockroachDB","A",3,30,60,47.163386,1421,95127.17734,565,6541311,379647,1533951,0,0,0,0,0,0,1418,326323.0014,51424,10510335,804351,3143679,0,0,0,0,0,0
"CockroachDB","B",3,30,60,102.60956,5875,78813.62757,490,6283263,299263,777215,0,0,0,0,0,0,318,429541.1321,43648,5988351,1498111,2121727,0,0,0,0,0,0
"CockroachDB","C",3,30,60,106.386507,6415,93530.16134,547,9535487,380927,773119,0,0,0,0,0,0,0,0,0,0,0,0,0,0,0,0,0,0
"CockroachDB","F",3,30,60,56.035629,3372,87370.71056,532,9633791,197759,856575,0,0,0,0,0,0,1701,178847.5109,38080,853503,414719,574463,1701,266948.0353,48192,6094847,585215,1239039
"CockroachDB","D",3,30,60,170.162899,9759,42742.55231,475,5595135,208767,624127,478,380417.0042,46208,1849343,1131519,1543167,0,0,0,0,0,0,0,0,0,0,0,0
"CockroachDB","A",3,39,60,37.648872,1528,96852.83115,541,9969663,443647,1601535,0,0,0,0,0,0,1453,550933.4948,37120,43024383,702463,6045695,0,0,0,0,0,0
"CockroachDB","B",3,39,60,169.432126,9683,58890.89187,480,7274495,214783,596479,0,0,0,0,0,0,518,402873.2973,54144,6303743,1238015,1695743,0,0,0,0,0,0
"CockroachDB","C",3,39,60,308.872015,18549,41904.53679,472,3852287,218751,454143,0,0,0,0,0,0,0,0,0,0,0,0,0,0,0,0,0,0
"CockroachDB","F",3,39,60,51.160044,4419,57325.39964,501,6479871,161535,851455,0,0,0,0,0,0,2198,355277.485,32528,45613055,341759,950783,2198,408445.1902,33312,45678591,528383,1512447
"CockroachDB","D",3,39,60,211.422113,12099,46748.78759,475,5963775,140415,560639,621,341743.8454,43072,1939455,875519,1436671,0,0,0,0,0,0,0,0,0,0,0,0
"CockroachDB","A",3,48,60,22.349993,1147,142582.7803,679,10297343,670207,4427775,0,0,0,0,0,0,1127,1077306.279,47424,74383359,997375,40271871,0,0,0,0,0,0
"CockroachDB","B",3,48,60,179.8047,10393,67441.96007,465,6529023,221695,844799,0,0,0,0,0,0,526,493678.2966,48224,17170431,1378303,5382143,0,0,0,0,0,0
"CockroachDB","C",3,48,60,218.676927,13186,72675.52093,420,9592831,343551,612863,0,0,0,0,0,0,0,0,0,0,0,0,0,0,0,0,0,0
"CockroachDB","F",3,48,60,36.880449,4065,87410.26052,505,13484031,152831,1068031,0,0,0,0,0,0,2050,573284.6673,44384,73859071,418047,1141759,2050,673850.2244,45312,73924607,660991,5271551
"CockroachDB","D",3,48,60,215.641345,12316,51922.0747,462,10215423,205439,594431,671,476356.1729,45792,5292031,1442815,1914879,0,0,0,0,0,0,0,0,0,0,0,0
"CockroachDB","A",3,57,60,87.928173,2889,95645.38145,498,9781247,145535,1727487,0,0,0,0,0,0,2938,304643.6923,45632,14458879,599551,2018303,0,0,0,0,0,0
"CockroachDB","B",3,57,60,195.359934,11279,73641.79945,482,6447103,256767,896511,0,0,0,0,0,0,594,522224.8081,65664,7598079,1506303,2572287,0,0,0,0,0,0
"CockroachDB","C",3,57,60,323.57683,19468,58408.48665,455,18923519,241791,541183,0,0,0,0,0,0,0,0,0,0,0,0,0,0,0,0,0,0
"CockroachDB","F",3,57,60,17.787573,2502,130544.0596,580,15155199,687103,1916927,0,0,0,0,0,0,1235,1506503.119,27440,119734271,421631,77398015,1235,1640613.189,28816,120258559,885759,85262335
"CockroachDB","D",3,57,60,203.413635,11735,72007.34879,467,15908863,223487,643583,576,514331.75,50432,6483967,1633279,1891327,0,0,0,0,0,0,0,0,0,0,0,0
"CockroachDB","A",3,66,60,11.591243,1030,208317.4612,588,16654335,964095,2922495,0,0,0,0,0,0,1036,2835715.027,51968,156499967,1419263,139067391,0,0,0,0,0,0
"CockroachDB","B",3,66,60,165.918763,9502,104354.3409,465,14704639,331775,1071103,0,0,0,0,0,0,518,632904.7104,64320,7655423,1987583,3108863,0,0,0,0,0,0
"CockroachDB","C",3,66,60,271.777292,16411,80346.53074,455,16629759,411903,719871,0,0,0,0,0,0,0,0,0,0,0,0,0,0,0,0,0,0
"CockroachDB","F",3,66,60,13.945589,2258,243199.655,602,19267583,854015,5148671,0,0,0,0,0,0,1117,2104532.204,31792,143261695,425727,92798975,1117,2354318.997,49056,143654911,1890303,98500607
"CockroachDB","D",3,66,60,296.364899,16984,47518.04522,443,12345343,206463,496895,936,548577.8462,73152,2727935,1649663,2203647,0,0,0,0,0,0,0,0,0,0,0,0
"CockroachDB","B",3,12,60,85.720472,4880,41718.92398,485,8318975,70975,470015,0,0,0,0,0,0,267,133466.5468,39424,1234943,301311,546815,0,0,0,0,0,0
"CockroachDB","C",3,12,60,140.933782,8458,28301.76212,499,5234687,42879,375039,0,0,0,0,0,0,0,0,0,0,0,0,0,0,0,0,0,0
"CockroachDB","F",3,12,60,42.449768,2550,41437.46,683,997887,340735,543231,0,0,0,0,0,0,1315,101783.6776,33248,439039,195583,302847,1315,141621.1224,37248,1337343,409343,649727
"CockroachDB","D",3,12,60,78.500907,4471,42672.12436,551,5328895,92735,495103,244,199370.0984,38592,4763647,374527,730111,0,0,0,0,0,0,0,0,0,0,0,0
"CockroachDB","A",3,21,60,51.886007,1503,74085.57751,567,9625599,181503,829951,0,0,0,0,0,0,1614,190509.3432,47808,7520255,400639,872959,0,0,0,0,0,0
"CockroachDB","B",3,21,60,85.586786,4862,72235.52036,484,9461759,179583,607231,0,0,0,0,0,0,278,243821.5252,43776,4792319,587775,892415,0,0,0,0,0,0
"CockroachDB","C",3,21,60,172.427552,10371,40446.93974,493,7536639,156415,492031,0,0,0,0,0,0,0,0,0,0,0,0,0,0,0,0,0,0
"CockroachDB","F",3,21,60,59.146494,3555,52566.42897,513,6184959,108415,635903,0,0,0,0,0,0,1810,128361.9801,38944,591871,265983,387839,1810,178066.2276,40192,6266879,389631,743423
"CockroachDB","D",3,21,60,107.023578,6101,52249.9682,555,6561791,123455,556031,340,295190.0235,52672,5472255,599551,2539519,0,0,0,0,0,0,0,0,0,0,0,0
"CockroachDB","A",3,30,60,68.917593,2135,68983.35316,568,9478143,142207,854015,0,0,0,0,0,0,2080,218266.6077,39296,6983679,442879,1112063,0,0,0,0,0,0
"CockroachDB","B",3,30,60,136.556192,7834,60789.15726,488,6987775,169087,585727,0,0,0,0,0,0,386,317411.4819,49280,5255167,912383,1464319,0,0,0,0,0,0
"CockroachDB","C",3,30,60,278.868408,16748,35746.74946,477,2922495,187775,497407,0,0,0,0,0,0,0,0,0,0,0,0,0,0,0,0,0,0
"CockroachDB","F",3,30,60,82.917581,4986,48100.30626,535,6483967,111039,614911,0,0,0,0,0,0,2403,149595.0329,44736,977407,324095,449535,2403,197319.0112,49920,6602751,448511,813055
"CockroachDB","D",3,30,60,155.29529,8911,50865.3407,434,9035775,166911,551935,437,333624.714,37888,2334719,994815,1437695,0,0,0,0,0,0,0,0,0,0,0,0
"CockroachDB","A",3,39,60,55.700488,2405,70592.35551,497,10567679,110527,839167,0,0,0,0,0,0,2399,335726.9662,47296,30883839,538623,2160639,0,0,0,0,0,0
"CockroachDB","B",3,39,60,163.194791,9313,63768.57994,468,7270399,202367,642047,0,0,0,0,0,0,511,362133.8239,39104,5128191,977919,1555455,0,0,0,0,0,0
"CockroachDB","C",3,39,60,170.23503,10249,76029.06391,474,9297919,303103,666111,0,0,0,0,0,0,0,0,0,0,0,0,0,0,0,0,0,0
"CockroachDB","F",3,39,60,62.384491,4827,57773.56018,577,4845567,149375,833023,0,0,0,0,0,0,2440,264138.0131,45824,28442623,384255,670207,2440,317016.3279,48480,28704767,557567,1319935
"CockroachDB","D",3,39,60,216.117459,12343,42637.75905,419,5971967,151551,506879,669,377313.6024,52032,6328319,1087487,1529855,0,0,0,0,0,0,0,0,0,0,0,0
"CockroachDB","A",3,48,60,19.352763,1068,116692.2491,616,9773055,651263,1645567,0,0,0,0,0,0,1037,1358983.931,39712,88670207,1074175,58425343,0,0,0,0,0,0
"CockroachDB","B",3,48,60,179.752237,10332,69359.95519,439,6828031,243327,731647,0,0,0,0,0,0,536,452560.0299,45856,7106559,1346559,1745919,0,0,0,0,0,0
"CockroachDB","C",3,48,60,276.335725,16597,57655.26282,475,9330687,286463,575999,0,0,0,0,0,0,0,0,0,0,0,0,0,0,0,0,0,0
"CockroachDB","F",3,48,60,31.716821,3378,96617.17732,548,11853823,474879,1559551,0,0,0,0,0,0,1681,697654.6437,43744,72679423,427775,2641919,1681,790343.1101,44768,73662463,724479,4620287
"CockroachDB","D",3,48,60,207.504094,11940,57161.95268,472,9740287,201727,569855,603,460565.5191,44256,7020543,1518591,2236415,0,0,0,0,0,0,0,0,0,0,0,0
"CockroachDB","A",3,57,60,16.131297,1208,155517.231,611,11395071,721919,3196927,0,0,0,0,0,0,1205,1873567.349,49824,124387327,1162239,92995583,0,0,0,0,0,0
"CockroachDB","B",3,57,60,170.236018,9882,84670.22678,471,10108927,306431,795647,0,0,0,0,0,0,555,552358.1117,49248,5980159,1822719,2590719,0,0,0,0,0,0
"CockroachDB","C",3,57,60,251.683641,15173,75130.80452,460,13737983,345855,626687,0,0,0,0,0,0,0,0,0,0,0,0,0,0,0,0,0,0
"CockroachDB","F",3,57,60,21.426499,2658,163073.3273,551,20234239,713727,5718015,0,0,0,0,0,0,1304,1202974.172,44512,103481343,492287,60588031,1304,1355578.356,46592,103743487,927743,66748415
"CockroachDB","D",3,57,60,259.9947,14873,46829.52726,434,6443007,242687,475903,826,536777.1235,39904,3874815,1784831,2570239,0,0,0,0,0,0,0,0,0,0,0,0
"CockroachDB","A",3,66,60,10.580338,1213,314793.8219,565,24002559,1406975,6549503,0,0,0,0,0,0,1164,3019731.698,38208,198836223,1514495,154009599,0,0,0,0,0,0
"CockroachDB","B",3,66,60,202.69603,11697,83806.90485,447,6393855,298751,1120255,0,0,0,0,0,0,618,550503.1715,48256,5472255,1727487,2586623,0,0,0,0,0,0
"CockroachDB","C",3,66,60,204.321192,12341,106968.3201,461,9330687,483071,969215,0,0,0,0,0,0,0,0,0,0,0,0,0,0,0,0,0,0
"CockroachDB","F",3,66,60,15.062899,3294,139411.4964,534,20971519,604671,3414015,0,0,0,0,0,0,1600,2227999.32,44896,195166207,606719,127336447,1600,2351963.79,49376,195428351,884735,128122879
"CockroachDB","D",3,66,60,243.69344,13947,63429.57102,471,10960895,240511,630271,756,572943.6402,50144,5910527,1961983,2947071,0,0,0,0,0,0,0,0,0,0,0,0
"CockroachDB","A",3,3,60,4.647444,135,189141.0148,863,5132287,398079,4009983,0,0,0,0,0,0,144,237988.1111,33024,2824191,506367,612351,0,0,0,0,0,0
"CockroachDB","B",3,3,60,38.644847,2206,23360.05621,715,730111,200319,318207,0,0,0,0,0,0,113,73421.23894,30688,492799,336639,428799,0,0,0,0,0,0
"CockroachDB","C",3,3,60,3.865493,246,258068.0244,875,5033983,457983,4517887,0,0,0,0,0,0,0,0,0,0,0,0,0,0,0,0,0,0
"CockroachDB","F",3,3,60,1.664614,100,570024.2,1076,5685247,3952639,5373951,0,0,0,0,0,0,53,54905.20755,30512,150143,87679,96127,53,423452.9811,33376,5738495,530943,5206015
"CockroachDB","D",3,3,60,3.007718,175,338467.32,781,5541887,453119,4939775,7,157373.7143,42688,361983,361983,361983,0,0,0,0,0,0,0,0,0,0,0,0
"CockroachDB","A",3,12,60,27.73708,802,63358.08105,546,3862527,345343,684031,0,0,0,0,0,0,864,217986.9074,37088,4919295,663039,2639871,0,0,0,0,0,0
"CockroachDB","B",3,12,60,92.710274,5259,35490.39703,516,1005567,116159,515071,0,0,0,0,0,0,314,168442.7006,40800,1510399,370687,681471,0,0,0,0,0,0
"CockroachDB","C",3,12,60,95.114527,5718,41890.25901,554,5451775,87103,521727,0,0,0,0,0,0,0,0,0,0,0,0,0,0,0,0,0,0
"CockroachDB","F",3,12,60,36.392379,2187,57423.10791,659,4943871,428031,621055,0,0,0,0,0,0,1089,104645.0615,31968,402431,215167,275199,1089,165028.1139,33792,5017599,550399,741887
"CockroachDB","D",3,12,60,105.932062,6062,29446.45282,534,4325375,112639,504831,306,199417.1503,38176,4534271,503039,816127,0,0,0,0,0,0,0,0,0,0,0,0
"CockroachDB","A",3,21,60,48.186761,1448,75710.98343,509,7405567,179583,748543,0,0,0,0,0,0,1450,213037.76,44160,7122943,446207,1092607,0,0,0,0,0,0
"CockroachDB","B",3,21,60,98.434708,5625,58411.96711,516,6316031,166911,623103,0,0,0,0,0,0,324,281458.7654,37856,4775935,695807,1625087,0,0,0,0,0,0
"CockroachDB","C",3,21,60,187.61445,11270,37177.6433,505,6029311,138239,436991,0,0,0,0,0,0,0,0,0,0,0,0,0,0,0,0,0,0
"CockroachDB","F",3,21,60,53.352619,3209,68314.05329,548,6258687,141183,763391,0,0,0,0,0,0,1586,126174.6683,37504,649215,268799,385023,1586,193493.2257,38880,6598655,397823,896511
"CockroachDB","D",3,21,60,102.432374,5831,58155.96227,534,8912895,119039,590847,330,243591.4667,39360,4419583,652287,981503,0,0,0,0,0,0,0,0,0,0,0,0
"CockroachDB","A",3,30,60,64.891017,1942,69233.62049,587,7200767,109759,724991,0,0,0,0,0,0,1961,235795.1576,47520,6598655,514559,1589247,0,0,0,0,0,0
"CockroachDB","B",3,30,60,138.00206,7893,58434.77068,473,6242303,215423,645119,0,0,0,0,0,0,415,331597.494,40928,2029567,941055,1333247,0,0,0,0,0,0
"CockroachDB","C",3,30,60,365.234278,22005,27234.88512,462,2703359,134271,283647,0,0,0,0,0,0,0,0,0,0,0,0,0,0,0,0,0,0
"CockroachDB","F",3,30,60,82.856953,4986,40302.56859,522,1343487,88703,635903,0,0,0,0,0,0,2563,155183.4631,49280,595967,333055,460799,2563,194558.1959,50336,1703935,429567,739327
"CockroachDB","D",3,30,60,142.293277,8172,54902.4535,450,9945087,193151,559103,408,370603.8039,43488,3409919,1059839,1443839,0,0,0,0,0,0,0,0,0,0,0,0
"CockroachDB","A",3,39,60,21.582499,1003,113976.9781,495,6283263,591871,2228223,0,0,0,0,0,0,983,1005571.792,42272,61112319,1010687,40468479,0,0,0,0,0,0
"CockroachDB","B",3,39,60,157.854647,9075,64344.7849,486,4739071,258815,672767,0,0,0,0,0,0,458,428780.7511,49984,4829183,1281023,1923071,0,0,0,0,0,0
"CockroachDB","C",3,39,60,262.650803,15784,49305.27971,468,2885631,266495,539135,0,0,0,0,0,0,0,0,0,0,0,0,0,0,0,0,0,0
"CockroachDB","F",3,39,60,75.931662,4560,90331.78991,525,9199615,121343,2994175,0,0,0,0,0,0,2200,166520.9745,36352,908799,363007,530431,2200,259509.4691,38752,7602175,522751,3723263
"CockroachDB","D",3,39,60,213.414735,12243,43699.31177,467,5701631,191359,503295,621,392732.2641,43744,3923967,1215487,1765375,0,0,0,0,0,0,0,0,0,0,0,0
"CockroachDB","A",3,48,60,45.668805,2451,86882.85761,472,6737919,311039,1145855,0,0,0,0,0,0,2432,489522.8487,43552,67829759,598527,3246079,0,0,0,0,0,0
"CockroachDB","B",3,48,60,192.375357,11035,64716.46126,461,6299647,246911,620031,0,0,0,0,0,0,556,440210.3597,50592,5591039,1133567,1909759,0,0,0,0,0,0
"CockroachDB","C",3,48,60,243.832625,14737,65100.67035,457,10117119,299519,573439,0,0,0,0,0,0,0,0,0,0,0,0,0,0,0,0,0,0
"CockroachDB","F",3,48,60,24.014702,2522,115422.3688,512,5955583,575999,2603007,0,0,0,0,0,0,1276,938473.0408,33536,80871423,352255,40108031,1276,1044364.614,35808,81854463,705023,41418751
"CockroachDB","D",3,48,60,263.430796,15095,38903.08076,411,5357567,194431,425215,807,461993.6753,42656,3094527,1406975,1816575,0,0,0,0,0,0,0,0,0,0,0,0
"CockroachDB","A",3,57,60,14.570836,1363,149990.515,614,16637951,626175,3631103,0,0,0,0,0,0,1355,2125729.925,43104,158728191,1009663,110952447,0,0,0,0,0,0
"CockroachDB","B",3,57,60,181.553003,10573,80160.05798,436,8335359,253951,893951,0,0,0,0,0,0,568,521473.8028,51712,18513919,1608703,2559999,0,0,0,0,0,0
"CockroachDB","C",3,57,60,290.71118,17520,65048.81113,396,6438911,332031,647167,0,0,0,0,0,0,0,0,0,0,0,0,0,0,0,0,0,0
"CockroachDB","F",3,57,60,44.768513,5710,55452.83573,523,13361151,141439,839167,0,0,0,0,0,0,2900,608798.3779,48896,89194495,423423,683519,2900,668615.1007,51872,90570751,612351,1255423
"CockroachDB","D",3,57,60,246.307868,14083,50076.65299,494,7520255,223103,579583,777,557672.2574,41632,5689343,1682431,2664447,0,0,0,0,0,0,0,0,0,0,0,0
"CockroachDB","A",3,66,60,7.638538,933,208822.7996,527,28393471,791039,3911679,0,0,0,0,0,0,1034,4412263.861,50272,240123903,1798143,222035967,0,0,0,0,0,0
"CockroachDB","B",3,66,60,172.96041,10268,104007.8515,429,14434303,246655,2095103,0,0,0,0,0,0,523,503294.0115,49248,16924671,1188863,5341183,0,0,0,0,0,0
"CockroachDB","C",3,66,60,258.110458,15586,84660.64981,467,14483455,396031,653823,0,0,0,0,0,0,0,0,0,0,0,0,0,0,0,0,0,0
"CockroachDB","F",3,66,60,18.99696,2650,134889.5702,554,17809407,650239,3936255,0,0,0,0,0,0,1351,1612590.295,42304,116129791,488959,78512127,1351,1764498.842,48736,117047295,903167,81264639
"CockroachDB","D",3,66,60,252.295859,14453,59179.12641,440,9945087,263679,583167,767,602664.4694,45568,4980735,2117631,2717695,0,0,0,0,0,0,0,0,0,0,0,0
"Citus","A",1,3,60,43.139605,1265,40510.81344,284,230655,93055,114815,0,0,0,0,0,0,1327,96195.89149,15008,283903,172671,220543,0,0,0,0,0,0
"Citus","B",1,3,60,113.908873,6485,24028.39275,237,299263,77695,112383,0,0,0,0,0,0,355,66797.72394,14648,690687,124415,181759,0,0,0,0,0,0
"Citus","C",1,3,60,160.641701,9643,18616.30001,234,833535,65599,103295,0,0,0,0,0,0,0,0,0,0,0,0,0,0,0,0,0,0
"Citus","F",1,3,60,53.918224,3240,25508.10586,279,223231,80703,100543,0,0,0,0,0,0,1633,59399.96326,13664,279039,95487,120191,1633,84290.69443,19168,376319,147839,180351
"Citus","D",1,3,60,250.183162,14249,9358.694435,209,380671,49119,78399,776,59357.04639,11552,405759,114431,159487,0,0,0,0,0,0,0,0,0,0,0,0
"Citus","A",1,12,60,92.02056,2852,72498.23212,271,454655,162943,209791,0,0,0,0,0,0,2680,189650.1791,53664,586751,284927,342783,0,0,0,0,0,0
"Citus","B",1,12,60,171.619082,9771,63681.5152,212,353535,186367,233599,0,0,0,0,0,0,550,175227.8109,50400,414207,311039,367359,0,0,0,0,0,0
"Citus","C",1,12,60,291.647255,17528,40974.37044,210,532991,161407,241279,0,0,0,0,0,0,0,0,0,0,0,0,0,0,0,0,0,0
"Citus","F",1,12,60,139.529467,8386,30944.83735,237,211583,111935,149631,0,0,0,0,0,0,4242,108255.6115,37856,344319,148991,194559,4242,140069.4389,38432,344575,222335,257535
"Citus","D",1,12,60,602.577748,34476,13939.39132,163,245247,90239,146687,1757,135321.9078,51680,363007,213503,246143,0,0,0,0,0,0,0,0,0,0,0,0
"Citus","A",1,21,60,122.571747,3752,93275.22468,261,450815,214783,263167,0,0,0,0,0,0,3624,247092.1634,61536,704511,367103,441343,0,0,0,0,0,0
"Citus","B",1,21,60,196.987061,11251,97223.77904,211,457471,257535,305407,0,0,0,0,0,0,609,268889.4581,65088,586751,445951,521983,0,0,0,0,0,0
"Citus","C",1,21,60,339.974079,20461,61496.32877,183,602111,234239,342527,0,0,0,0,0,0,0,0,0,0,0,0,0,0,0,0,0,0
"Citus","F",1,21,60,194.297976,11681,36736.58908,221,251135,137983,183167,0,0,0,0,0,0,5823,142384.0082,44640,909311,199807,331263,5823,178503.6442,46016,909311,284415,350463
"Citus","D",1,21,60,942.054769,53902,14513.04577,160,315903,106815,162559,2756,172655.6517,73152,788991,259583,327679,0,0,0,0,0,0,0,0,0,0,0,0
"Citus","A",1,30,60,142.617422,4247,111929.8302,262,422399,256255,326143,0,0,0,0,0,0,4337,302967.5149,90048,1204223,458751,601087,0,0,0,0,0,0
"Citus","B",1,30,60,215.722394,12348,127357.5973,197,590335,326655,381439,0,0,0,0,0,0,651,344883.318,120320,731647,557567,630271,0,0,0,0,0,0
"Citus","C",1,30,60,344.343229,20715,86769.93208,134,752127,313855,432639,0,0,0,0,0,0,0,0,0,0,0,0,0,0,0,0,0,0
"Citus","F",1,30,60,229.747455,13837,42297.96365,214,308735,156031,215167,0,0,0,0,0,0,6888,176163.698,62528,2049023,253951,570367,6888,218218.9756,62944,2050047,346367,570879
"Citus","D",1,30,60,1033.492902,59084,18834.27398,146,398079,137215,208255,3093,220454.5697,105216,865791,322559,389631,0,0,0,0,0,0,0,0,0,0,0,0
"Citus","A",1,39,60,158.701712,4745,127969.1246,247,527871,299775,369151,0,0,0,0,0,0,4819,355879.0654,107776,3069951,540671,785919,0,0,0,0,0,0
"Citus","B",1,39,60,254.930885,14605,135984.9146,182,710655,394495,472831,0,0,0,0,0,0,776,453997.3608,176128,1062911,697343,798719,0,0,0,0,0,0
"Citus","C",1,39,60,363.662014,21911,106701.5021,158,1117183,366335,507647,0,0,0,0,0,0,0,0,0,0,0,0,0,0,0,0,0,0
"Citus","F",1,39,60,245.545574,14787,41558.22236,216,483583,157055,226559,0,0,0,0,0,0,7472,230481.8394,48640,10428415,322559,1853439,7472,272103.4347,79040,10428415,406271,1853439
"Citus","D",1,39,60,1252.617236,71513,19287.05786,135,477695,150911,221951,3867,247322.1329,109440,567807,358911,436223,0,0,0,0,0,0,0,0,0,0,0,0
"Citus","A",1,48,60,169.082767,5083,148665.2607,250,839679,352511,443391,0,0,0,0,0,0,5111,411232.6511,126592,3790847,624127,1009151,0,0,0,0,0,0
"Citus","B",1,48,60,273.072207,15695,155586.5385,183,914943,454655,568831,0,0,0,0,0,0,786,548969.0382,235008,1170431,872959,994303,0,0,0,0,0,0
"Citus","C",1,48,60,365.128851,22018,130694.098,158,1048575,445695,593919,0,0,0,0,0,0,0,0,0,0,0,0,0,0,0,0,0,0
"Citus","F",1,48,60,260.802622,15753,41168.93132,218,373759,160511,225279,0,0,0,0,0,0,7878,282719.7075,40544,13434879,376831,3741695,7878,323583.74,70336,13434879,430847,3743743
"Citus","D",1,48,60,1502.416663,86001,19256.50269,132,554495,157183,234751,4455,273877.6925,134784,740351,399359,481279,0,0,0,0,0,0,0,0,0,0,0,0
"Citus","A",1,57,60,169.744318,5201,161206.8435,246,1202175,386303,502783,0,0,0,0,0,0,5076,503516.1481,126272,9740287,759295,2883583,0,0,0,0,0,0
"Citus","B",1,57,60,275.479314,15832,184604.1377,161,1202175,537087,675839,0,0,0,0,0,0,821,600138.3678,235520,1499135,948735,1196031,0,0,0,0,0,0
"Citus","C",1,57,60,369.434676,22271,153369.6916,139,1252351,518399,688127,0,0,0,0,0,0,0,0,0,0,0,0,0,0,0,0,0,0
"Citus","F",1,57,60,257.178506,15665,45388.82349,198,417023,174079,252671,0,0,0,0,0,0,7761,349520.035,39552,27033599,380159,5464063,7761,394630.8981,75840,27033599,475135,5468159
"Citus","D",1,57,60,1521.4205,87034,22177.45065,134,759807,174847,278271,4519,327577.7615,134144,825855,500991,607743,0,0,0,0,0,0,0,0,0,0,0,0
"Citus","A",1,66,60,173.933861,5273,181477.8599,247,911871,431103,543743,0,0,0,0,0,0,5262,562936.8483,144768,12402687,882175,3471359,0,0,0,0,0,0
"Citus","B",1,66,60,288.854315,16575,205687.1974,157,1180671,593407,773631,0,0,0,0,0,0,877,628311.2064,233344,1529855,1055743,1248255,0,0,0,0,0,0
"Citus","C",1,66,60,373.774571,22533,175396.3038,156,1381375,588287,813055,0,0,0,0,0,0,0,0,0,0,0,0,0,0,0,0,0,0
"Citus","F",1,66,60,266.095338,16177,46759.73877,212,449535,181631,261503,0,0,0,0,0,0,8207,390583.7183,86656,41648127,430591,6152191,8207,436787.1173,87168,41648127,491519,6156287
"Citus","D",1,66,60,1578.069229,90316,24262.37465,131,978943,189951,311295,4739,371280.1249,135680,1273855,578047,728575,0,0,0,0,0,0,0,0,0,0,0,0
"Citus","A",3,3,60,92.328694,2808,18054.46652,905,1529855,73151,137087,0,0,0,0,0,0,2738,46849.19576,2748,1593343,133759,218623,0,0,0,0,0,0
"Citus","B",3,3,60,182.872919,10565,14643.32977,810,458751,70975,111103,0,0,0,0,0,0,563,45678.373,4512,1283071,113407,201983,0,0,0,0,0,0
"Citus","C",3,3,60,254.758297,15299,11736.92758,748,465151,63743,94591,0,0,0,0,0,0,0,0,0,0,0,0,0,0,0,0,0,0
"Citus","F",3,3,60,137.627819,8264,9233.401016,832,420095,50591,80063,0,0,0,0,0,0,4127,25006.88563,2640,1544191,70527,122623,4127,34172.84347,3852,1569791,92095,161919
"Citus","D",3,3,60,465.712572,26583,5291.81665,698,376575,27279,68223,1370,28301.35985,3366,1048575,71871,134271,0,0,0,0,0,0,0,0,0,0,0,0
"Citus","A",3,12,60,161.679834,4865,30772.12148,859,1579007,137343,217087,0,0,0,0,0,0,4856,116943.4347,2806,2050047,290047,409599,0,0,0,0,0,0
"Citus","B",3,12,60,317.290256,18095,31200.08428,699,1354751,166143,257279,0,0,0,0,0,0,977,157925.1709,5768,2164735,372479,541695,0,0,0,0,0,0
"Citus","C",3,12,60,496.189937,29823,24096.94571,713,1699839,130175,232191,0,0,0,0,0,0,0,0,0,0,0,0,0,0,0,0,0,0
"Citus","F",3,12,60,306.953278,18435,10390.29346,807,391935,51519,99199,0,0,0,0,0,0,9194,57310.89874,2778,1410047,152063,274175,9194,67711.48499,4056,1425407,176383,299519
"Citus","D",3,12,60,996.038747,56792,7706.478148,668,565247,45119,107071,3052,92000.308,3154,870911,275199,560639,0,0,0,0,0,0,0,0,0,0,0,0
"Citus","A",3,21,60,195.706042,5801,40017.85141,894,1446911,175743,287231,0,0,0,0,0,0,5967,171139.4713,3742,1927167,392191,575999,0,0,0,0,0,0
"Citus","B",3,21,60,391.361387,22405,41792.55099,712,1173503,215551,315647,0,0,0,0,0,0,1162,277529.5714,6752,2330623,643583,1051647,0,0,0,0,0,0
"Citus","C",3,21,60,587.980833,35340,35580.51868,701,1620991,195711,394495,0,0,0,0,0,0,0,0,0,0,0,0,0,0,0,0,0,0
"Citus","F",3,21,60,413.535461,24851,11907.06442,762,426751,57919,106111,0,0,0,0,0,0,12394,77535.76335,2588,1708031,183551,396031,12394,89569.31096,3642,1769471,211199,418815
"Citus","D",3,21,60,1128.92655,64778,9420.545972,623,688127,59167,128959,3434,189448.2831,4368,2660351,629247,1363967,0,0,0,0,0,0,0,0,0,0,0,0
"Citus","A",3,30,60,229.883343,6885,43943.58359,810,1538047,192511,286719,0,0,0,0,0,0,6988,212480.9619,4312,1686527,452863,722943,0,0,0,0,0,0
"Citus","B",3,30,60,419.673863,24933,50680.59824,707,1490943,253695,371711,0,0,0,0,0,0,1292,440932.1796,5836,3737599,1070079,3074047,0,0,0,0,0,0
"Citus","C",3,30,60,637.062368,38376,46880.68027,666,2908159,280575,609791,0,0,0,0,0,0,0,0,0,0,0,0,0,0,0,0,0,0
"Citus","F",3,30,60,482.6401,29067,13263.6303,672,686591,63167,119039,0,0,0,0,0,0,14476,97612.68355,3470,1268735,233215,520191,14476,110817.0435,4768,1269759,260095,546815
"Citus","D",3,30,60,1206.874813,69027,11635.36702,626,704511,76031,161023,3721,267687.9613,2516,2021375,909311,1477631,0,0,0,0,0,0,0,0,0,0,0,0
"Citus","A",3,39,60,277.443983,8407,43579.49518,791,1619967,183423,317695,0,0,0,0,0,0,8309,235822.644,3686,1815551,593919,897023,0,0,0,0,0,0
"Citus","B",3,39,60,491.211002,28368,58041.63166,673,1350655,326911,643071,0,0,0,0,0,0,1421,492037.2836,6956,4980735,1562623,2947071,0,0,0,0,0,0
"Citus","C",3,39,60,662.389616,39905,58513.06994,637,3682303,371967,804351,0,0,0,0,0,0,0,0,0,0,0,0,0,0,0,0,0,0
"Citus","F",3,39,60,524.160851,31544,14776.63308,739,481023,67135,118975,0,0,0,0,0,0,15707,119010.3008,2692,2093055,309759,614399,15707,133615.6042,4058,2140159,336895,633343
"Citus","D",3,39,60,1265.801514,72276,14152.02407,598,799231,86847,193407,3805,344414.4344,3940,2127871,1131519,1616895,0,0,0,0,0,0,0,0,0,0,0,0
"Citus","A",3,48,60,281.204355,8477,47771.33302,823,1573887,208895,362239,0,0,0,0,0,0,8465,289760.3348,3318,4739071,694271,1089535,0,0,0,0,0,0
"Citus","B",3,48,60,465.47159,26898,73370.35501,667,1753087,435455,849919,0,0,0,0,0,0,1405,659874.0683,6100,6127615,3477503,5476351,0,0,0,0,0,0
"Citus","C",3,48,60,657.149005,39701,72499.46218,656,4085759,503551,1049599,0,0,0,0,0,0,0,0,0,0,0,0,0,0,0,0,0,0
"Citus","F",3,48,60,536.225856,32232,16116.2074,675,499711,75839,140543,0,0,0,0,0,0,16186,145406.4178,2940,2443263,436991,714751,16186,161394.0493,4244,2443263,457983,726015
"Citus","D",3,48,60,1285.000248,73736,16177.86167,599,1086463,101375,237951,3905,431384.9895,5152,2619391,1492991,2051071,0,0,0,0,0,0,0,0,0,0,0,0
"Citus","A",3,57,60,235.860906,7110,57093.87117,844,2044927,243199,370687,0,0,0,0,0,0,7161,420294.0969,5832,25853951,896511,5812223,0,0,0,0,0,0
"Citus","B",3,57,60,321.385591,18790,102162.113,690,3549183,460287,1117183,0,0,0,0,0,0,972,1592176.309,12152,10231807,6004735,7057407,0,0,0,0,0,0
"Citus","C",3,57,60,547.459727,33135,103263.6794,657,4714495,684031,1486847,0,0,0,0,0,0,0,0,0,0,0,0,0,0,0,0,0,0
"Citus","F",3,57,60,430.581242,26076,20990.54295,727,671231,105343,217983,0,0,0,0,0,0,13057,219737.6038,2874,8089599,656895,1574911,13057,241230.3186,4160,8093695,686591,1592319
"Citus","D",3,57,60,1435.592463,82388,16369.95586,573,1104895,111103,247935,4395,471687.4915,3012,2918399,1410047,2134015,0,0,0,0,0,0,0,0,0,0,0,0
"Citus","A",3,66,60,383.583876,6051,49483.36341,676,2029567,181759,398591,0,0,0,0,0,0,6082,594864.8727,11600,26198015,2347007,10592255,0,0,0,0,0,0
"Citus","B",3,66,60,831.419581,24712,98973.68428,545,1310719,490495,720895,0,0,0,0,0,0,1296,1148425.605,114112,21495807,3057663,9961471,0,0,0,0,0,0
"Citus","C",3,66,60,1278.339745,40026,98002.62232,516,1240063,509951,744959,0,0,0,0,0,0,0,0,0,0,0,0,0,0,0,0,0,0
"Citus","F",3,66,60,580.897482,18440,11809.76513,586,428799,54399,98047,0,0,0,0,0,0,9215,404732.0004,10552,21676031,1970175,7917567,17837,216292.9568,1017,21676031,392191,6012927
"Citus","D",3,66,60,2623.712793,71887,29282.55149,465,743935,221439,363519,3919,454060.3868,129152,1217535,803839,1009663,0,0,0,0,0,0,0,0,0,0,0,0
"CockroachDB","A",1,3,60,37.459609,1135,24888.0837,640,311039,63647,117183,0,0,0,0,0,0,1114,135829.982,24768,472575,208767,269567,0,0,0,0,0,0
"CockroachDB","B",1,3,60,124.182027,7093,17932.11067,571,388607,65791,89663,0,0,0,0,0,0,365,143634.0164,37184,419071,250111,275199,0,0,0,0,0,0
"CockroachDB","C",1,3,60,290.11996,17413,10308.83541,440,1098751,37983,72767,0,0,0,0,0,0,0,0,0,0,0,0,0,0,0,0,0,0
"CockroachDB","F",1,3,60,39.754283,2388,20304.15536,641,211071,67391,107007,0,0,0,0,0,0,1228,106808.2085,36928,243071,163327,197375,1228,127876.9511,43648,325375,198271,240895
"CockroachDB","D",1,3,60,135.85094,7747,15174.10585,546,310527,64191,99903,419,148383.7327,63520,497407,234495,277247,0,0,0,0,0,0,0,0,0,0,0,0
"CockroachDB","A",1,12,60,24.169277,771,108959.62,679,8241151,373247,2081791,0,0,0,0,0,0,803,834280.7472,45056,47611903,587263,33079295,0,0,0,0,0,0
"CockroachDB","B",1,12,60,142.439591,8172,66234.42682,538,770047,199679,293375,0,0,0,0,0,0,405,438676.5432,141312,911871,777727,862719,0,0,0,0,0,0
"CockroachDB","C",1,12,60,445.180954,26730,26875.76229,469,2103295,113663,211455,0,0,0,0,0,0,0,0,0,0,0,0,0,0,0,0,0,0
"CockroachDB","F",1,12,60,51.516972,3773,34017.89107,627,3233791,92607,229503,0,0,0,0,0,0,1919,370930.0677,36416,38764543,280063,597503,1919,407653.3194,47200,39124991,332031,693759
"CockroachDB","D",1,12,60,83.238275,4799,106102.1232,563,1608703,350463,527871,236,897115.661,268032,2404351,1384447,1983487,0,0,0,0,0,0,0,0,0,0,0,0
"CockroachDB","A",1,21,60,19.028549,1503,117598.2209,639,15548415,165631,2228223,0,0,0,0,0,0,1557,1775935.466,47680,145358847,485119,90701823,0,0,0,0,0,0
"CockroachDB","B",1,21,60,78.219869,4491,213812.5602,535,11403263,503807,861695,0,0,0,0,0,0,237,1271637.873,466432,4476927,1757183,2564095,0,0,0,0,0,0
"CockroachDB","C",1,21,60,139.247,8414,149777.2558,494,2949119,636927,1000959,0,0,0,0,0,0,0,0,0,0,0,0,0,0,0,0,0,0
"CockroachDB","F",1,21,60,12.387303,1995,109665.5905,650,17399807,135167,1083391,0,0,0,0,0,0,1041,2580941.418,37728,152436735,447487,127401983,1041,2698075.281,43168,152829951,530943,134348799
"CockroachDB","D",1,21,60,89.123642,5105,171186.5618,542,2646015,558591,818175,286,1356498.797,510464,3231743,1940479,2863103,0,0,0,0,0,0,0,0,0,0,0,0
"CockroachDB","A",1,30,60,3.890318,864,368658.1806,668,23986175,1214463,5574655,0,0,0,0,0,0,852,11147683.23,47584,433324031,1866751,391905279,0,0,0,0,0,0
"CockroachDB","B",1,30,60,88.031294,5081,266886.853,516,6193151,666111,1144831,0,0,0,0,0,0,275,1629618.269,450304,7376895,2373631,2947071,0,0,0,0,0,0
"CockroachDB","C",1,30,60,474.788449,28559,62935.82923,337,1557503,267263,476415,0,0,0,0,0,0,0,0,0,0,0,0,0,0,0,0,0,0
"CockroachDB","F",1,30,60,4.956971,1872,169150.6384,657,12804095,160639,5836799,0,0,0,0,0,0,902,8921240.692,43904,372244479,577023,334495743,902,9088338.661,45024,372768767,666623,335806463
"CockroachDB","D",1,30,60,101.001299,5855,219238.1798,462,3440639,708607,1054719,288,1829412.444,816640,7385087,2785279,3852287,0,0,0,0,0,0,0,0,0,0,0,0
"CockroachDB","A",1,39,60,3.270795,1378,237568.5152,641,30097407,540159,4489215,0,0,0,0,0,0,1350,15338926.83,45792,825229311,760319,781713407,0,0,0,0,0,0
"CockroachDB","B",1,39,60,189.173845,11059,169570.3386,421,18464767,335359,1689599,0,0,0,0,0,0,603,809993.5522,210432,20414463,1174527,2213887,0,0,0,0,0,0
"CockroachDB","C",1,39,60,498.272368,29995,77914.3992,315,2338815,313087,552959,0,0,0,0,0,0,0,0,0,0,0,0,0,0,0,0,0,0
"CockroachDB","F",1,39,60,5.54077,2340,172844.6846,592,21266431,409343,5197823,0,0,0,0,0,0,1189,8131072.161,41120,412090367,572415,347340799,1189,8280132.817,41952,413663231,858111,347340799
"CockroachDB","D",1,39,60,107.555262,6174,257756.7685,385,5955583,879103,1395711,346,2188381.965,314112,7266303,3799039,4423679,0,0,0,0,0,0,0,0,0,0,0,0
"CockroachDB","A",1,48,60,9.31898,1207,543165.7556,592,72744959,611839,5382143,0,0,0,0,0,0,1255,5554621.112,25472,255852543,1118207,236584959,0,0,0,0,0,0
"CockroachDB","B",1,48,60,104.751938,6083,343112.4521,389,5767167,1018879,1769471,0,0,0,0,0,0,323,2535896.372,825856,8048639,4001791,5472255,0,0,0,0,0,0
"CockroachDB","C",1,48,60,401.844663,24224,118776.6577,322,4661247,483583,881663,0,0,0,0,0,0,0,0,0,0,0,0,0,0,0,0,0,0
"CockroachDB","F",1,48,60,5.059809,2546,153792.9863,610,16474111,408319,2588671,0,0,0,0,0,0,1318,10586049.26,45056,492306431,780287,399507455,1318,10717944.44,47232,494403583,984063,401342463
"CockroachDB","D",1,48,60,116.199657,6766,293672.8565,491,6275071,1061887,1768447,346,2650392.416,991232,6594559,4239359,5840895,0,0,0,0,0,0,0,0,0,0,0,0
"CockroachDB","A",1,57,60,1.492367,901,514170.9645,662,69468159,1168383,7360511,0,0,0,0,0,0,922,46880616.83,37760,1220542463,63700991,1196425215,0,0,0,0,0,0
"CockroachDB","B",1,57,60,131.079468,7626,362130.2405,420,20955135,1005567,4554751,0,0,0,0,0,0,392,1757297.469,152064,22298623,3739647,5365759,0,0,0,0,0,0
"CockroachDB","C",1,57,60,507.89334,30628,111569.3447,313,2094079,427263,714751,0,0,0,0,0,0,0,0,0,0,0,0,0,0,0,0,0,0
"CockroachDB","F",1,57,60,1.692644,3338,276090.5563,573,40468479,216575,6672383,0,0,0,0,0,0,1671,53170931.19,37664,1970274303,681471,1893728255,1672,53702694.31,47232,1970274303,734207,1898971135
"CockroachDB","D",1,57,60,157.221958,9106,243642.5988,424,5246975,922111,1717247,463,2614711.015,699904,6721535,4493311,5230591,0,0,0,0,0,0,0,0,0,0,0,0
"CockroachDB","A",1,66,60,1.945002,1396,602343.4606,611,48594943,836607,23035903,0,0,0,0,0,0,1451,36355575.77,36448,1458569215,1881087,1416626175,0,0,0,0,0,0
"CockroachDB","B",1,66,60,167.744114,9897,297088.2747,365,13680639,1026559,2985983,0,0,0,0,0,0,534,1942877.363,194944,15712255,4243455,8003583,0,0,0,0,0,0
"CockroachDB","C",1,66,60,529.810433,31973,123779.4929,300,2209791,479743,773631,0,0,0,0,0,0,0,0,0,0,0,0,0,0,0,0,0,0
"CockroachDB","F",1,66,60,2.023941,2615,291829.1342,572,143785983,439551,4767743,0,0,0,0,0,0,1344,34221313.86,42912,1286602751,2666495,1258291199,1345,35112661.56,44736,1288699903,8560639,1260388351
"CockroachDB","D",1,66,60,221.444143,12714,197248.7098,330,5922815,893439,1592319,694,2090667.712,422144,7684095,4399103,6434815,0,0,0,0,0,0,0,0,0,0,0,0
"Citus","A",1,3,60,35.807032,1069,48782.85033,285,264703,115455,151551,0,0,0,0,0,0,1082,117017.9815,17168,329471,203391,255615,0,0,0,0,0,0
"Citus","B",1,3,60,108.660893,6190,25043.22698,214,293631,82559,118399,0,0,0,0,0,0,334,73405.01796,15576,218751,137599,175871,0,0,0,0,0,0
"Citus","C",1,3,60,138.936078,8342,21512.43083,235,1492991,70463,133247,0,0,0,0,0,0,0,0,0,0,0,0,0,0,0,0,0,0
"Citus","F",1,3,60,43.557864,2617,33658.71914,282,186111,102783,124223,0,0,0,0,0,0,1297,70627.82729,12048,234623,110399,144511,1297,103015.266,14600,383487,183679,218111
"Citus","D",1,3,60,207.270366,11802,11354.71937,209,378623,60351,98239,645,70373.61861,12192,370175,138367,208127,0,0,0,0,0,0,0,0,0,0,0,0
"Citus","A",1,12,60,89.755952,2692,75987.19428,279,334335,171263,222079,0,0,0,0,0,0,2707,188869.7156,45792,448255,290559,355327,0,0,0,0,0,0
"Citus","B",1,12,60,173.204898,9871,63274.03657,213,380671,184831,238463,0,0,0,0,0,0,540,174527.1111,45920,452351,313343,372735,0,0,0,0,0,0
"Citus","C",1,12,60,285.906934,17173,41830.91364,209,525311,164735,249215,0,0,0,0,0,0,0,0,0,0,0,0,0,0,0,0,0,0
"Citus","F",1,12,60,139.885855,8407,32482.18687,237,253567,117439,151935,0,0,0,0,0,0,4091,108849.0834,44320,412671,150015,200191,4091,142561.3962,44672,412927,228991,282111
"Citus","D",1,12,60,534.909648,30479,16111.83307,187,252031,94975,154111,1668,136236.1055,48480,304383,211711,239359,0,0,0,0,0,0,0,0,0,0,0,0
"Citus","A",1,21,60,124.607643,3745,91962.56235,257,511487,210303,269311,0,0,0,0,0,0,3758,241218.529,72832,657407,363519,449791,0,0,0,0,0,0
"Citus","B",1,21,60,196.59908,11205,97358.22561,212,462847,257023,307967,0,0,0,0,0,0,634,264502.9653,72896,581631,443135,526335,0,0,0,0,0,0
"Citus","C",1,21,60,335.717494,20183,62269.7269,183,629247,236159,339455,0,0,0,0,0,0,0,0,0,0,0,0,0,0,0,0,0,0
"Citus","F",1,21,60,196.319529,11799,36272.55191,233,272127,135679,181375,0,0,0,0,0,0,5785,143251.0921,40672,1197055,198143,370943,5785,179927.2187,47040,1198079,281599,381439
"Citus","D",1,21,60,837.251085,47851,16901.5514,162,322047,116351,179839,2477,180613.258,78720,359935,267775,306687,0,0,0,0,0,0,0,0,0,0,0,0
"Citus","A",1,30,60,145.903274,4446,108956.177,259,562687,256255,321023,0,0,0,0,0,0,4333,300822.3254,71360,1412095,452607,577535,0,0,0,0,0,0
"Citus","B",1,30,60,216.388926,12399,126626.3165,194,528383,323839,375039,0,0,0,0,0,0,638,356587.0846,112192,704511,554495,617471,0,0,0,0,0,0
"Citus","C",1,30,60,350.203471,21084,85236.86027,177,1010175,308735,431871,0,0,0,0,0,0,0,0,0,0,0,0,0,0,0,0,0,0
"Citus","F",1,30,60,231.212433,13925,40424.09824,231,314367,153471,212863,0,0,0,0,0,0,7013,176104.2932,56480,2123775,250879,658431,7013,216778.2256,71936,2125823,344063,658943
"Citus","D",1,30,60,1046.113198,59762,18468.23453,149,395519,136831,204543,3191,217320.3034,98240,657407,314111,380927,0,0,0,0,0,0,0,0,0,0,0,0
"Citus","A",1,39,60,159.116535,4734,126632.477,264,557055,303103,374783,0,0,0,0,0,0,4862,354219.7022,105792,2127871,537087,764415,0,0,0,0,0,0
"Citus","B",1,39,60,254.310631,14543,135836.6417,183,767487,389119,471807,0,0,0,0,0,0,796,452883.8593,172416,926719,711167,806399,0,0,0,0,0,0
"Citus","C",1,39,60,356.132545,21452,108685.5105,149,895999,370175,499199,0,0,0,0,0,0,0,0,0,0,0,0,0,0,0,0,0,0
"Citus","F",1,39,60,253.658456,15323,43347.94838,208,377599,167295,230271,0,0,0,0,0,0,7641,218777.1339,51648,5804031,340479,1290239,7641,262487.4776,73920,5804031,417279,1291263
"Citus","D",1,39,60,1160.508179,66333,21195.72789,136,476159,158975,239743,3547,262000.5278,111424,852479,386559,466431,0,0,0,0,0,0,0,0,0,0,0,0
"Citus","A",1,48,60,167.670333,5030,141922.133,235,685055,342015,403711,0,0,0,0,0,0,5077,417729.5064,119040,4358143,652799,1160191,0,0,0,0,0,0
"Citus","B",1,48,60,277.68288,15903,152836.1323,152,835071,449535,558591,0,0,0,0,0,0,841,530902.9822,181376,1149951,821759,1008127,0,0,0,0,0,0
"Citus","C",1,48,60,370.095317,22326,128367.3879,148,1065983,436479,585215,0,0,0,0,0,0,0,0,0,0,0,0,0,0,0,0,0,0
"Citus","F",1,48,60,259.977251,15771,43001.55583,213,380927,167167,238207,0,0,0,0,0,0,7969,276507.2476,65280,13910015,364799,3368959,7969,319532.0708,65664,13910015,450815,3371007
"Citus","D",1,48,60,1302.443806,74413,22631.14678,136,667647,173055,262143,3985,298263.1107,126464,743423,434175,521471,0,0,0,0,0,0,0,0,0,0,0,0
"Citus","A",1,57,60,169.137555,5196,152571.6095,247,685055,367103,456703,0,0,0,0,0,0,5049,514334.3838,123136,15769599,798207,3606527,0,0,0,0,0,0
"Citus","B",1,57,60,279.882176,16075,182963.7477,148,1089535,532479,684031,0,0,0,0,0,0,838,572280.7446,211328,1342463,945151,1132543,0,0,0,0,0,0
"Citus","C",1,57,60,370.313924,22354,152857.4898,141,1150975,518143,697855,0,0,0,0,0,0,0,0,0,0,0,0,0,0,0,0,0,0
"Citus","F",1,57,60,258.636063,15663,43562.61859,221,448511,171519,239359,0,0,0,0,0,0,7785,351592.7759,39744,40009727,385279,5623807,7785,395920.633,57760,40009727,481023,5623807
"Citus","D",1,57,60,1387.827154,79676,24680.25266,130,810495,189183,303359,4053,357808.1461,140032,866303,527359,634367,0,0,0,0,0,0,0,0,0,0,0,0
"Citus","A",1,66,60,165.765677,5100,158689.2255,236,843775,402175,549887,0,0,0,0,0,0,5019,622912.0255,123328,25444351,884735,7163903,0,0,0,0,0,0
"Citus","B",1,66,60,276.714368,15900,215736.5916,150,1372159,623615,823807,0,0,0,0,0,0,826,639772.9007,212736,1637375,1056767,1260543,0,0,0,0,0,0
"Citus","C",1,66,60,366.102312,22121,178864.3395,156,1296383,602111,812543,0,0,0,0,0,0,0,0,0,0,0,0,0,0,0,0,0,0
"Citus","F",1,66,60,249.913885,15236,44797.42511,201,487935,175743,249215,0,0,0,0,0,0,7608,430933.9432,67072,48431103,409343,8155135,7608,475242.1073,70912,48431103,505343,8155135
"Citus","D",1,66,60,1623.459554,92926,23161.74404,129,786943,185855,302079,4954,362368.3876,147712,1023999,542719,669183,0,0,0,0,0,0,0,0,0,0,0,0
"Citus","A",3,3,60,103.856726,3179,15263.17553,888,1219583,55615,104511,0,0,0,0,0,0,3055,42426.69525,2928,1418239,115327,235135,0,0,0,0,0,0
"Citus","B",3,3,60,225.076208,12793,11635.76933,827,581631,50591,78975,0,0,0,0,0,0,719,42653.95967,2978,1162239,107775,185727,0,0,0,0,0,0
"Citus","C",3,3,60,323.805717,19440,9234.644187,831,228991,44031,69439,0,0,0,0,0,0,0,0,0,0,0,0,0,0,0,0,0,0
"Citus","F",3,3,60,161.669274,9716,7315.11795,864,230783,34015,56063,0,0,0,0,0,0,4881,22254.72526,2704,321023,56895,110847,4881,29659.73407,3770,436991,75327,146303
"Citus","D",3,3,60,565.393393,32302,4310.99127,731,263423,20927,43647,1638,24518.13309,2578,316415,64351,151807,0,0,0,0,0,0,0,0,0,0,0,0
"Citus","A",3,12,60,187.392846,5639,25486.87959,870,1432575,103999,170239,0,0,0,0,0,0,5619,101703.4001,2638,1500159,247167,418559,0,0,0,0,0,0
"Citus","B",3,12,60,359.00466,20482,25575.4148,643,614399,130495,208255,0,0,0,0,0,0,1087,179223.5262,3720,2073599,477183,821759,0,0,0,0,0,0
"Citus","C",3,12,60,576.95124,34669,20725.48986,689,670719,111807,228351,0,0,0,0,0,0,0,0,0,0,0,0,0,0,0,0,0,0
"Citus","F",3,12,60,351.422349,21137,8968.236505,714,556031,40639,78527,0,0,0,0,0,0,10482,50537.09054,2332,1434623,119679,246783,10482,59561.00639,3342,1435647,138751,270591
"Citus","D",3,12,60,1030.917022,58891,6853.670442,648,631295,40159,84991,3030,103806.3518,2766,2134015,316927,666623,0,0,0,0,0,0,0,0,0,0,0,0
"Citus","A",3,21,60,220.252954,6657,34697.50398,824,1918975,141439,223999,0,0,0,0,0,0,6578,155626.3749,3684,2083839,347903,689151,0,0,0,0,0,0
"Citus","B",3,21,60,416.59221,23932,36906.10292,714,1074175,192127,312319,0,0,0,0,0,0,1246,301761.053,4784,3049471,776191,1997823,0,0,0,0,0,0
"Citus","C",3,21,60,582.732139,35056,35850.41009,629,1290239,209919,408831,0,0,0,0,0,0,0,0,0,0,0,0,0,0,0,0,0,0
"Citus","F",3,21,60,423.975928,25503,11588.00341,700,635903,54015,100543,0,0,0,0,0,0,12777,75290.24677,2832,1550335,177151,373503,12777,87122.94827,4196,1583103,202879,395263
"Citus","D",3,21,60,1225.171404,69972,9228.053736,669,1538047,57727,117119,3651,167562.4574,3062,2089983,530943,968703,0,0,0,0,0,0,0,0,0,0,0,0
"Citus","A",3,30,60,248.252155,7554,40114.08274,835,1538047,169215,272383,0,0,0,0,0,0,7395,199531.5519,2960,2166783,463359,665087,0,0,0,0,0,0
"Citus","B",3,30,60,449.347,25825,46299.66649,711,1898495,231039,403199,0,0,0,0,0,0,1356,444761.0605,7688,4268031,1148927,2807807,0,0,0,0,0,0
"Citus","C",3,30,60,646.568302,39001,46131.84206,660,4044799,285951,637439,0,0,0,0,0,0,0,0,0,0,0,0,0,0,0,0,0,0
"Citus","F",3,30,60,489.501181,29420,12625.67699,727,367615,59423,105087,0,0,0,0,0,0,14682,97059.32414,3794,1543167,232959,532479,14682,109829.5317,5556,1609727,254847,551423
"Citus","D",3,30,60,1210.52979,69698,11208.60643,619,669183,69119,158591,3648,280550.7218,3944,1565695,877567,1228799,0,0,0,0,0,0,0,0,0,0,0,0
"Citus","A",3,39,60,293.343949,8911,38073.75525,816,1718271,171903,308991,0,0,0,0,0,0,8775,226126.2782,3490,2609151,562687,817151,0,0,0,0,0,0
"Citus","B",3,39,60,500.01653,28756,55786.4091,696,4358143,314367,654335,0,0,0,0,0,0,1493,491059.1078,5888,3897343,1634303,2684927,0,0,0,0,0,0
"Citus","C",3,39,60,670.828359,40459,57803.77098,650,4440063,373503,855039,0,0,0,0,0,0,0,0,0,0,0,0,0,0,0,0,0,0
"Citus","F",3,39,60,538.253452,32433,13958.18253,695,521215,64799,119039,0,0,0,0,0,0,16355,115312.7412,3070,1978367,301823,634879,16355,128959.5428,4428,1979391,324863,645631
"Citus","D",3,39,60,1282.370493,73522,13531.26353,614,830975,87167,187775,3837,351255.4298,3208,2154495,1180671,1564671,0,0,0,0,0,0,0,0,0,0,0,0
"Citus","A",3,48,60,294.971083,8911,46182.87487,786,1732607,198271,368639,0,0,0,0,0,0,8838,277019.8355,3304,3782655,676351,1116159,0,0,0,0,0,0
"Citus","B",3,48,60,482.726854,27946,71221.09576,705,2580479,415743,784895,0,0,0,0,0,0,1398,649606.2818,6552,9469951,2539519,5275647,0,0,0,0,0,0
"Citus","C",3,48,60,673.3841,40766,70775.16072,631,4028415,503295,1020415,0,0,0,0,0,0,0,0,0,0,0,0,0,0,0,0,0,0
"Citus","F",3,48,60,545.450008,32787,15250.7291,731,484351,72447,127359,0,0,0,0,0,0,16334,145234.6629,3794,2895871,446207,794111,16334,160390.9678,5296,2895871,470015,816127
"Citus","D",3,48,60,1304.151445,74502,15741.75951,546,1544191,95871,244095,4034,422567.9507,3358,3385343,1484799,2017279,0,0,0,0,0,0,0,0,0,0,0,0
"Citus","A",3,57,60,258.444463,7824,56641.65849,783,1871871,250623,360959,0,0,0,0,0,0,7777,379152.7826,7112,15409151,718335,3813375,0,0,0,0,0,0
"Citus","B",3,57,60,482.852911,28162,86845.49773,626,3276799,414719,734207,0,0,0,0,0,0,1504,667598.9229,9320,5656575,2089983,3141631,0,0,0,0,0,0
"Citus","C",3,57,60,639.750936,38632,88503.28533,607,4993023,616447,1235967,0,0,0,0,0,0,0,0,0,0,0,0,0,0,0,0,0,0
"Citus","F",3,57,60,482.29603,29013,17620.41082,709,624127,88191,162815,0,0,0,0,0,0,14518,199910.0218,3858,17563647,516607,1832959,14518,217550.7248,5248,17580031,541183,1882111
"Citus","D",3,57,60,1299.550071,74633,20161.76596,562,1439743,124223,333311,3930,485770.431,2526,3284991,1615871,2297855,0,0,0,0,0,0,0,0,0,0,0,0
"Citus","A",3,66,60,296.165289,8906,54168.85482,735,2062335,236927,500735,0,0,0,0,0,0,9012,382551.0362,2994,23920639,904191,1924095,0,0,0,0,0,0
"Citus","B",3,66,60,477.692766,27396,106085.7854,660,2861055,715263,1312767,0,0,0,0,0,0,1449,725645.4037,5200,6447103,3610623,5492735,0,0,0,0,0,0
"Citus","C",3,66,60,648.409661,39304,100897.6269,671,4780031,783871,1542143,0,0,0,0,0,0,0,0,0,0,0,0,0,0,0,0,0,0
"Citus","F",3,66,60,535.837011,32902,18963.40016,719,994815,89343,167423,0,0,0,0,0,0,16521,202398.1137,3692,6967295,616447,1218559,16521,221379.1781,5056,6967295,645119,1252351
"Citus","D",3,66,60,1288.605411,73767,22483.17795,583,1451007,127679,410111,3914,587124.6372,3146,3706879,2107391,3039231,0,0,0,0,0,0,0,0,0,0,0,0
"CockroachDB","A",1,3,60,38.216136,1131,24702.83908,666,365823,61407,220927,0,0,0,0,0,0,1163,130364.7532,34336,471807,203007,255743,0,0,0,0,0,0
"CockroachDB","B",1,3,60,129.169163,7370,17045.40244,575,386815,62399,83455,0,0,0,0,0,0,391,138229.2788,60704,299519,238847,286719,0,0,0,0,0,0
"CockroachDB","C",1,3,60,295.240316,17728,10126.05556,519,539647,37375,68159,0,0,0,0,0,0,0,0,0,0,0,0,0,0,0,0,0,0
"CockroachDB","F",1,3,60,41.90749,2516,19479.157,639,232959,63967,94207,0,0,0,0,0,0,1245,104874.7245,24096,305663,167807,198399,1245,124831.5181,25200,324095,199295,240895
"CockroachDB","D",1,3,60,136.943205,7787,14867.87659,545,348159,62687,96511,440,144970.6182,50560,304127,230399,265983,0,0,0,0,0,0,0,0,0,0,0,0
"CockroachDB","A",1,12,60,93.746361,2870,35390.7993,625,1634303,91327,208255,0,0,0,0,0,0,2765,223185.5335,66240,3588095,331007,472831,0,0,0,0,0,0
"CockroachDB","B",1,12,60,192.396524,10959,47891.87444,549,608767,131455,196223,0,0,0,0,0,0,620,313631.5355,130048,844287,431359,552959,0,0,0,0,0,0
"CockroachDB","C",1,12,60,430.205074,25845,27797.15392,407,1634303,122111,221055,0,0,0,0,0,0,0,0,0,0,0,0,0,0,0,0,0,0
"CockroachDB","F",1,12,60,98.969244,5953,26636.596,591,1442815,92287,143615,0,0,0,0,0,0,2989,187621.3637,47872,1121279,280319,379391,2989,213316.5875,57952,1574911,324607,433151
"CockroachDB","D",1,12,60,242.26341,13794,34053.38589,472,765951,117375,179839,767,324330.8475,125312,806911,447231,574463,0,0,0,0,0,0,0,0,0,0,0,0
"CockroachDB","A",1,21,60,9.375669,650,116536.9154,672,4313087,452351,1823743,0,0,0,0,0,0,664,3660764.952,24304,134742015,766975,123600895,0,0,0,0,0,0
"CockroachDB","B",1,21,60,77.3665,4457,212061.2096,549,3004415,547327,838143,0,0,0,0,0,0,227,1397704.74,696320,3131391,1929215,2492415,0,0,0,0,0,0
"CockroachDB","C",1,21,60,219.444029,13191,95318.79418,435,2662399,481535,855551,0,0,0,0,0,0,0,0,0,0,0,0,0,0,0,0,0,0
"CockroachDB","F",1,21,60,12.627905,1592,120181.3894,640,17416191,139647,2795519,0,0,0,0,0,0,814,2463538.801,23744,123142143,362495,100532223,814,2578604.531,24704,123273215,428287,103350271
"CockroachDB","D",1,21,60,84.471722,4845,178187.2888,562,2457599,581119,838143,275,1454610.618,551424,3043327,1991679,2885631,0,0,0,0,0,0,0,0,0,0,0,0
"CockroachDB","A",1,30,60,3.097841,675,328947.1733,709,28180479,1270783,4497407,0,0,0,0,0,0,667,12924271.21,37568,425983999,2328575,407371775,0,0,0,0,0,0
"CockroachDB","B",1,30,60,81.314594,4714,294155.7268,548,3878911,723967,1154047,0,0,0,0,0,0,227,1851680.705,715776,3401727,2467839,2975743,0,0,0,0,0,0
"CockroachDB","C",1,30,60,495.950239,29820,60256.51325,337,1759231,254591,468479,0,0,0,0,0,0,0,0,0,0,0,0,0,0,0,0,0,0
"CockroachDB","F",1,30,60,6.879005,2336,107512.9944,595,16941055,137983,2496511,0,0,0,0,0,0,1180,6101646.82,37088,333447167,449279,291504127,1180,6181962.956,47488,333447167,540671,291504127
"CockroachDB","D",1,30,60,105.377943,6069,204651.403,489,3254271,678911,1026047,309,1819560.181,702464,4579327,2668543,3684351,0,0,0,0,0,0,0,0,0,0,0,0
"CockroachDB","A",1,39,60,6.128714,843,381102.2811,702,23773183,1303551,10878975,0,0,0,0,0,0,786,8801386.524,47744,261357567,20529151,230817791,0,0,0,0,0,0
"CockroachDB","B",1,39,60,76.762754,4533,407858.7013,384,26705919,887295,5795839,0,0,0,0,0,0,255,2012663.467,223232,32129023,3178495,11091967,0,0,0,0,0,0
"CockroachDB","C",1,39,60,421.992169,25436,91928.82419,315,2699263,369151,638463,0,0,0,0,0,0,0,0,0,0,0,0,0,0,0,0,0,0
"CockroachDB","F",1,39,60,3.257902,2350,311419.1936,591,24117247,210687,13172735,0,0,0,0,0,0,1200,14139221.95,36672,707788799,628223,645922815,1200,14419374.39,45760,711983103,701439,661651455
"CockroachDB","D",1,39,60,245.701305,14059,111419.6152,340,3883007,461055,763903,759,1018084.511,387072,4677631,2103295,3178495,0,0,0,0,0,0,0,0,0,0,0,0
"CockroachDB","A",1,48,60,5.057628,1386,283056.5123,619,29179903,758271,6655999,0,0,0,0,0,0,1397,9296474.079,44544,545259519,1390591,395837439,0,0,0,0,0,0
"CockroachDB","B",1,48,60,89.669096,5199,408250.7501,472,4849663,1250303,2230271,0,0,0,0,0,0,264,2920879.515,747520,6287359,4653055,5804031,0,0,0,0,0,0
"CockroachDB","C",1,48,60,499.087288,30075,95675.67003,312,2551807,369151,637439,0,0,0,0,0,0,0,0,0,0,0,0,0,0,0,0,0,0
"CockroachDB","F",1,48,60,2.233404,2950,317517.4024,561,93192191,194303,3506175,0,0,0,0,0,0,1518,30518980.23,37376,1313865727,617471,1256194047,1518,30763126.41,47200,1315962879,696319,1275068415
"CockroachDB","D",1,48,60,263.814351,15083,119639.1675,322,4505599,538623,958463,844,1274054.825,333056,4980735,2826239,4337663,0,0,0,0,0,0,0,0,0,0,0,0
"CockroachDB","A",1,57,60,1.685029,1611,493427.2166,607,39452671,338687,22872063,0,0,0,0,0,0,1527,49830097.93,37376,1858076671,1018879,1806696447,0,0,0,0,0,0
"CockroachDB","B",1,57,60,90.470415,6492,423886.3061,439,25133055,1175551,8396799,0,0,0,0,0,0,370,2393955.632,157696,44171263,4640767,37912575,0,0,0,0,0,0
"CockroachDB","C",1,57,60,520.103546,31343,108978.3506,300,2103295,424191,712703,0,0,0,0,0,0,0,0,0,0,0,0,0,0,0,0,0,0
"CockroachDB","F",1,57,60,2.806954,2697,300006.3396,576,46858239,496383,5406719,0,0,0,0,0,0,1338,19543747.32,43264,952631295,4055039,907018239,1338,19825328.54,44224,954204159,4108287,913309695
"CockroachDB","D",1,57,60,207.94048,11940,192556.0914,342,6299647,870399,1644543,609,1841036.611,330240,7397375,3999743,5423103,0,0,0,0,0,0,0,0,0,0,0,0
"CockroachDB","A",1,66,60,2.323651,1465,394225.0253,615,61505535,557567,6701055,0,0,0,0,0,0,1480,31207228.45,48544,1264582655,1625087,1213202431,0,0,0,0,0,0
"CockroachDB","B",1,66,60,212.888922,13679,227757.8085,328,25526271,456703,2863103,0,0,0,0,0,0,724,1350217.591,119232,39845887,1914879,16187391,0,0,0,0,0,0
"CockroachDB","C",1,66,60,537.567366,32418,122030.8472,312,2299903,477951,780799,0,0,0,0,0,0,0,0,0,0,0,0,0,0,0,0,0,0
"CockroachDB","F",1,66,60,1.408733,2789,445034.4521,579,56295423,758271,8945663,0,0,0,0,0,0,1395,56592009.84,44352,1975517183,17350655,1908408319,1396,57951491.06,46848,1978662911,23642111,1912602623
"CockroachDB","D",1,66,60,197.290179,11321,232342.5349,302,7856127,1032703,1865727,590,2250880.651,338688,10878975,4616191,6295551,0,0,0,0,0,0,0,0,0,0,0,0
